"Mae Hodges","49"
"Gary Potter","69"
"Betty Wise","54"
"Wayne Rose","45"
"Adam Caldwell","26"
"Lucille Phillips","30"
"Mae Hodges","49"
"Gary Potter","69"
"Betty Wise","54"
"Wayne Rose","45"
"Adam Caldwell","26"
"Lucille Phillips","30"
"Mae Hodges","49"
"Gary Potter","69"
"Betty Wise","54"
"Wayne Rose","45"
"Adam Caldwell","26"
"Lucille Phillips","30"
"Mae Hodges","49"
"Gary Potter","69"
"Betty Wise","54"
"Wayne Rose","45"
"Adam Caldwell","26"
"Lucille Phillips","30"
"Mae Hodges","49"
"Gary Potter","69"
"Betty Wise","54"
"Wayne Rose","45"
"Adam Caldwell","26"
"Lucille Phillips","30"
"Mae Hodges","49"
"Gary Potter","69"
"Betty Wise","54"
"Wayne Rose","45"
"Adam Caldwell","26"
"Lucille Phillips","30"
"Mae Hodges","49"
"Gary Potter","69"
"Betty Wise","54"
"Wayne Rose","45"
"Adam Caldwell","26"
"Lucille Phillips","30"
"Mae Hodges","49"
"Gary Potter","69"
"Betty Wise","54"
"Wayne Rose","45"
"Adam Caldwell","26"
"Lucille Phillips","30"
"Mae Hodges","49"
"Gary Potter","69"
"Betty Wise","54"
"Wayne Rose","45"
"Adam Caldwell","26"
"Lucille Phillips","30"
"Mae Hodges","49"
"Gary Potter","69"
"Betty Wise","54"
"Wayne Rose","45"
"Adam Caldwell","26"
"Lucille Phillips","30"
